[
    {
        "points": [35.907757,127.766922, 23.15792, 113.27324],
        "total": 43.262,
        "percent": 0.1466,
        "from": "South Korea",
        "to": "Guangdong",
        "curvature": -0.5,
        "group": 1
    },
    {
        "points": [36.204824,138.252924, 23.15792, 113.27324],
        "total": 39.07,
        "percent": 0.1323,
        "from": "Japan",
        "curvature": 0.5,
        "group": 1
    },
    {
        "points": [4.210484, 101.975766, 23.15792, 113.27324],
        "total": 25.094,
        "percent": 0.0849,
        "from": "Malaysia",
        "curvature": -0.3,
        "group": 1
    },
    {
        "points": [14.058324, 108.277199,23.15792, 113.27324],
        "total": 21.462,
        "percent": 0.0726,
        "from": "Vietnam",
        "curvature": 0.5,
        "group": 1
    },
    {
        "points": [15.870032, 100.992541, 23.15792, 113.27324],
        "total": 17.592,
        "percent": 0.0596,
        "from": "Thailand",
        "curvature": 0.5,
        "group": 1
    },
    {
        "points": [37.09024,-95.712891, 23.15792, 113.27324],
        "total": 17.001,
        "percent": 0.0575,
        "from": "United States",
        "curvature": 0.5,
        "group": 1
    },
    {
        "points": [51.165691, 10.451526, 23.15792, 113.27324],
        "total": 9.977,
        "percent": 0.0337,
        "from": "Germany",
        "curvature": 0.5,
        "group": 1
    },
    {
        "points": [-0.789275, 113.921327, 23.15792, 113.27324],
        "total": 9.238,
        "percent": 0.0312,
        "from": "Indonesia",
        "curvature": 0.5,
        "group": 1
    },
    {
        "points": [-25.274398, 133.775136, 23.15792, 113.27324],
        "total": 8.584,
        "percent": 0.0291,
        "from": "Australia",
        "curvature": 0.5,
        "group": 1
    },
    {
        "points": [12.879721,121.774017, 23.15792, 113.27324],
        "total": 8.551,
        "percent": 0.0288,
        "from": "Philippines",
        "curvature": 0.5,
        "group": 1
    },
    {
        "points": [1.352083,103.819836, 23.15792, 113.27324],
        "total": 7.007,
        "percent": 0.0237,
        "from": "Singapore",
        "curvature": 0.5,
        "group": 1
    },
    {
        "points": [-14.235004, -51.92528, 23.15792, 113.27324],
        "total": 6.902,
        "percent": 0.0233,
        "from": "Brazil",
        "curvature": 0.5,
        "group": 1
    },
    {
        "points": [-30.559482, 22.937506, 23.15792, 113.27324],
        "total": 5.528,
        "percent": 0.0187,
        "from": "South Africa",
        "curvature": 0.5,
        "group": 1
    },
    {
        "points": [46.818188, 8.227512, 23.15792, 113.27324],
        "total": 4.893,
        "percent": 0.0165,
        "from": "Switzerland",
        "curvature": 0.5,
        "group": 1
    },
    {
        "points": [-35.675147, -71.542969, 23.15792, 113.27324],
        "total": 4.543,
        "percent": 0.0153,
        "from": "Chile",
        "curvature": 0.5,
        "group": 1
    },
    {
        "points": [46.227638, 2.213749, 23.15792, 113.27324],
        "total": 4.461,
        "percent": 0.0151,
        "from": "France",
        "curvature": 0.5,
        "group": 1
    },
    {
        "points": [21.913965, 95.956223, 23.15792, 113.27324],
        "total": 4.189,
        "percent": 0.0142,
        "from": "Myanmar",
        "curvature": 0.5,
        "group": 1
    },
    {
        "points": [61.52401, 105.318756, 23.15792, 113.27324],
        "total": 3.629,
        "percent": 0.0123,
        "from": "Russia",
        "curvature": 0.5,
        "group": 1
    },
    {
        "points": [23.885942,45.079162, 23.15792, 113.27324],
        "total": 3.258,
        "percent": 0.0111,
        "from": "Saudi Arabia",
        "curvature": 0.5,
        "group": 1
    },
    {
        "points": [56.130366, -106.346771, 23.15792, 113.27324],
        "total": 3.079,
        "percent": 0.0104,
        "from": "Canada",
        "curvature": 0.5,
        "group": 1
    }
]